Job Title,Job Location,Company,Estimate Base Salary,Low Estimate,High Estimate,Company Size,Company Type,Company Sector,Company Founded,Company Industry,Company Revenue,Country,State
Business Development Manager,Scoresby,Johnson & Johnson,110373,106000,115000,10000+ Employees,Company - Public,Pharmaceutical & Biotechnology,1887.0,Biotech & Pharmaceuticals,$10+ billion (USD),Australia,Victoria
Data Analyst,Melbourne,Wesfarmers OneDigital,140000,140000,140000,10000+ Employees,Company - Public,Retail & Wholesale,1914.0,Motor Vehicle Dealers,$10+ billion (USD),Australia,Victoria
Electronics Engineer,New South Wales,Australian Antarctic Division,92076,92000,92000,501 to 1000 Employees,Government,Government & Public Administration,1948.0,National Services & Agencies,Unknown / Non-Applicable,Australia,Victoria
Data Scientist,Melbourne,Wesfarmers OneDigital,140107,130000,151000,10000+ Employees,Company - Public,Retail & Wholesale,1914.0,Motor Vehicle Dealers,$10+ billion (USD),Australia,Victoria
Consultant,Burwood,PharmOut Pty Ltd,80000,75000,85000,,,,,,,Australia,Victoria
Data Analyst,Melbourne,Wesfarmers OneDigital,140000,140000,140000,10000+ Employees,Company - Public,Retail & Wholesale,1914.0,Motor Vehicle Dealers,$10+ billion (USD),Australia,Victoria
Data Engineer,Melbourne,GroupM,120416,100000,145000,10000+ Employees,Subsidiary or Business Segment,Media & Communication,2003.0,Advertising & Public Relations,Unknown / Non-Applicable,Australia,Victoria
Data Scientist,Melbourne,Wesfarmers OneDigital,140107,130000,151000,10000+ Employees,Company - Public,Retail & Wholesale,1914.0,Motor Vehicle Dealers,$10+ billion (USD),Australia,Victoria
Senior Channel Manager,Mulgrave,Bristol Myers Squibb,80623,65000,100000,10000+ Employees,Company - Public,Pharmaceutical & Biotechnology,1858.0,Biotech & Pharmaceuticals,$10+ billion (USD),Australia,Victoria
Data Engineer,Melbourne,GroupM,120416,100000,145000,10000+ Employees,Subsidiary or Business Segment,Media & Communication,2003.0,Advertising & Public Relations,Unknown / Non-Applicable,Australia,Victoria
Data Scientist,Melbourne,Circuit Recruitment,120000,100000,144000,Unknown,Company - Public,,,,Unknown / Non-Applicable,Australia,Victoria
Data Analyst,Melbourne,Attra,99590,97000,102000,1001 to 5000 Employees,Company - Private,Information Technology,1995.0,Information Technology Support Services,Unknown / Non-Applicable,Australia,Victoria
Navy Careers (No Experience Required),New South Wales,Royal Australian Navy,82500,75000,90000,10000+ Employees,Government,Government & Public Administration,,National Services & Agencies,Unknown / Non-Applicable,Australia,Victoria
Engineer,Melbourne,ANZ Banking Group,135554,100000,184000,10000+ Employees,Company - Public,Finance,1835.0,Banking & Lending,Unknown / Non-Applicable,Australia,Victoria
Data Scientist,Melbourne,Circuit Recruitment,120000,100000,144000,Unknown,Company - Public,,,,Unknown / Non-Applicable,Australia,Victoria
Data Engineer,Melbourne,Hudson Australia,141478,120000,167000,501 to 1000 Employees,Company - Private,Human Resources & Staffing,1985.0,HR Consulting,Unknown / Non-Applicable,Australia,Victoria
Data Analyst,Melbourne,Appscore,96472,88000,106000,201 to 500 Employees,Company - Private,Information Technology,2010.0,Enterprise Software & Network Solutions,Unknown / Non-Applicable,Australia,Victoria
Software Engineer,Melbourne,Vedainfo Pty Ltd,120589,100000,141000,,,,,,,Australia,Victoria
Data Engineer,Melbourne,Hudson Australia,141478,120000,167000,501 to 1000 Employees,Company - Private,Human Resources & Staffing,1985.0,HR Consulting,Unknown / Non-Applicable,Australia,Victoria
Data Analyst,Melbourne,Appscore,96472,88000,106000,201 to 500 Employees,Company - Private,Information Technology,2010.0,Enterprise Software & Network Solutions,Unknown / Non-Applicable,Australia,Victoria
Senior Front End Engineer,Melbourne,NAB - National Australia Bank,131453,120000,144000,10000+ Employees,Company - Public,Finance,,Banking & Lending,$10+ billion (USD),Australia,Victoria
Data Engineer,Melbourne,Edrolo,165000,160000,170000,,,,,,,Australia,Victoria
Data Analyst,Melbourne,Deloitte,76909,65000,91000,10000+ Employees,Company - Private,Finance,1850.0,Accounting & Tax,$10+ billion (USD),Australia,Victoria
Data Scientist,Melbourne,LSEG (London Stock Exchange Group),118743,100000,141000,10000+ Employees,Company - Public,Finance,1698.0,Stock Exchanges,$2 to $5 billion (USD),Australia,Victoria
Data Analyst,Melbourne,TQSolutions,75498,57000,100000,51 to 200 Employees,Company - Private,Management & Consulting,2008.0,Business Consulting,Unknown / Non-Applicable,Australia,Victoria
Data Engineer,Melbourne,Edrolo,165000,160000,170000,,,,,,,Australia,Victoria
Data Analyst,Melbourne,Deloitte,76909,65000,91000,10000+ Employees,Company - Private,Finance,1850.0,Accounting & Tax,$10+ billion (USD),Australia,Victoria
Data Analyst,Melbourne,Environment Protection Authority,114828,104000,126000,51 to 200 Employees,Government,,,,Unknown / Non-Applicable,Australia,Victoria
Data Analyst,Melbourne,Wesfarmers OneDigital,140000,140000,140000,10000+ Employees,Company - Public,Retail & Wholesale,1914.0,Motor Vehicle Dealers,$10+ billion (USD),Australia,Victoria
Data Engineer,Melbourne,GroupM,120416,100000,145000,10000+ Employees,Subsidiary or Business Segment,Media & Communication,2003.0,Advertising & Public Relations,Unknown / Non-Applicable,Australia,Victoria
Data Scientist,Melbourne,Circuit Recruitment,120000,100000,144000,Unknown,Company - Public,,,,Unknown / Non-Applicable,Australia,Victoria
Data Scientist,Melbourne,WSP Australia,84427,72000,99000,10000+ Employees,Company - Public,"Construction, Repair & Maintenance Services",1959.0,Architectural & Engineering Services,$5 to $10 billion (USD),Australia,Victoria
Data Analyst,Melbourne,Wesfarmers OneDigital,140000,140000,140000,10000+ Employees,Company - Public,Retail & Wholesale,1914.0,Motor Vehicle Dealers,$10+ billion (USD),Australia,Victoria
Data Scientist,Melbourne,Circuit Recruitment,120000,100000,144000,Unknown,Company - Public,,,,Unknown / Non-Applicable,Australia,Victoria
Data Engineer,Melbourne,Hudson Australia,141478,120000,167000,501 to 1000 Employees,Company - Private,Human Resources & Staffing,1985.0,HR Consulting,Unknown / Non-Applicable,Australia,Victoria
Data Engineer,Melbourne,GroupM,120416,100000,145000,10000+ Employees,Subsidiary or Business Segment,Media & Communication,2003.0,Advertising & Public Relations,Unknown / Non-Applicable,Australia,Victoria
Business Development Manager,Scoresby,Johnson & Johnson,110373,106000,115000,10000+ Employees,Company - Public,Pharmaceutical & Biotechnology,1887.0,Biotech & Pharmaceuticals,$10+ billion (USD),Australia,Victoria
Business Development Manager,Scoresby,Johnson & Johnson,110373,106000,115000,10000+ Employees,Company - Public,Pharmaceutical & Biotechnology,1887.0,Biotech & Pharmaceuticals,$10+ billion (USD),Australia,Victoria
Data Engineer,Melbourne,Edrolo,165000,160000,170000,,,,,,,Australia,Victoria
Data Engineer,Melbourne,Hudson Australia,141478,120000,167000,501 to 1000 Employees,Company - Private,Human Resources & Staffing,1985.0,HR Consulting,Unknown / Non-Applicable,Australia,Victoria
Electronics Engineer,New South Wales,Australian Antarctic Division,92076,92000,92000,501 to 1000 Employees,Government,Government & Public Administration,1948.0,National Services & Agencies,Unknown / Non-Applicable,Australia,Victoria
Data Analyst,Melbourne,Deloitte,76909,65000,91000,10000+ Employees,Company - Private,Finance,1850.0,Accounting & Tax,$10+ billion (USD),Australia,Victoria
Consultant,Burwood,PharmOut Pty Ltd,80000,75000,85000,,,,,,,Australia,Victoria
Consultant,Burwood,PharmOut Pty Ltd,80000,75000,85000,,,,,,,Australia,Victoria
Data Analyst,Melbourne,Environment Protection Authority,114828,104000,126000,51 to 200 Employees,Government,,,,Unknown / Non-Applicable,Australia,Victoria
Data Engineer,Melbourne,Edrolo,165000,160000,170000,,,,,,,Australia,Victoria
Senior Channel Manager,Mulgrave,Bristol Myers Squibb,80623,65000,100000,10000+ Employees,Company - Public,Pharmaceutical & Biotechnology,1858.0,Biotech & Pharmaceuticals,$10+ billion (USD),Australia,Victoria
Data Analyst,Melbourne,Deloitte,76909,65000,91000,10000+ Employees,Company - Private,Finance,1850.0,Accounting & Tax,$10+ billion (USD),Australia,Victoria
Senior Channel Manager,Mulgrave,Bristol Myers Squibb,80623,65000,100000,10000+ Employees,Company - Public,Pharmaceutical & Biotechnology,1858.0,Biotech & Pharmaceuticals,$10+ billion (USD),Australia,Victoria
Data Analyst,Melbourne,Environment Protection Authority,114828,104000,126000,51 to 200 Employees,Government,,,,Unknown / Non-Applicable,Australia,Victoria
Navy Careers (No Experience Required),New South Wales,Royal Australian Navy,82500,75000,90000,10000+ Employees,Government,Government & Public Administration,,National Services & Agencies,Unknown / Non-Applicable,Australia,Victoria
Navy Careers (No Experience Required),New South Wales,Royal Australian Navy,82500,75000,90000,10000+ Employees,Government,Government & Public Administration,,National Services & Agencies,Unknown / Non-Applicable,Australia,Victoria
Engineer,Melbourne,ANZ Banking Group,135554,100000,184000,10000+ Employees,Company - Public,Finance,1835.0,Banking & Lending,Unknown / Non-Applicable,Australia,Victoria
Engineer,Melbourne,ANZ Banking Group,135554,100000,184000,10000+ Employees,Company - Public,Finance,1835.0,Banking & Lending,Unknown / Non-Applicable,Australia,Victoria
Software Engineer,Melbourne,Vedainfo Pty Ltd,120589,100000,141000,,,,,,,Australia,Victoria
Software Engineer,Melbourne,Vedainfo Pty Ltd,120589,100000,141000,,,,,,,Australia,Victoria
Senior Front End Engineer,Melbourne,NAB - National Australia Bank,131453,120000,144000,10000+ Employees,Company - Public,Finance,,Banking & Lending,$10+ billion (USD),Australia,Victoria
Senior Front End Engineer,Melbourne,NAB - National Australia Bank,131453,120000,144000,10000+ Employees,Company - Public,Finance,,Banking & Lending,$10+ billion (USD),Australia,Victoria
Electronics Engineer,New South Wales,Australian Antarctic Division,92076,92000,92000,501 to 1000 Employees,Government,Government & Public Administration,1948.0,National Services & Agencies,Unknown / Non-Applicable,Australia,Victoria
Business Development Manager,Scoresby,Johnson & Johnson,110373,106000,115000,10000+ Employees,Company - Public,Pharmaceutical & Biotechnology,1887.0,Biotech & Pharmaceuticals,$10+ billion (USD),Australia,Victoria
Consultant,Burwood,PharmOut Pty Ltd,80000,75000,85000,,,,,,,Australia,Victoria
Business Development Manager,Scoresby,Johnson & Johnson,110373,106000,115000,10000+ Employees,Company - Public,Pharmaceutical & Biotechnology,1887.0,Biotech & Pharmaceuticals,$10+ billion (USD),Australia,Victoria
Electronics Engineer,New South Wales,Australian Antarctic Division,92076,92000,92000,501 to 1000 Employees,Government,Government & Public Administration,1948.0,National Services & Agencies,Unknown / Non-Applicable,Australia,Victoria
Senior Channel Manager,Mulgrave,Bristol Myers Squibb,80623,65000,100000,10000+ Employees,Company - Public,Pharmaceutical & Biotechnology,1858.0,Biotech & Pharmaceuticals,$10+ billion (USD),Australia,Victoria
Consultant,Burwood,PharmOut Pty Ltd,80000,75000,85000,,,,,,,Australia,Victoria
Engineer,Melbourne,ANZ Banking Group,135554,100000,184000,10000+ Employees,Company - Public,Finance,1835.0,Banking & Lending,Unknown / Non-Applicable,Australia,Victoria
Navy Careers (No Experience Required),New South Wales,Royal Australian Navy,82500,75000,90000,10000+ Employees,Government,Government & Public Administration,,National Services & Agencies,Unknown / Non-Applicable,Australia,Victoria
Senior Channel Manager,Mulgrave,Bristol Myers Squibb,80623,65000,100000,10000+ Employees,Company - Public,Pharmaceutical & Biotechnology,1858.0,Biotech & Pharmaceuticals,$10+ billion (USD),Australia,Victoria
Navy Careers (No Experience Required),New South Wales,Royal Australian Navy,82500,75000,90000,10000+ Employees,Government,Government & Public Administration,,National Services & Agencies,Unknown / Non-Applicable,Australia,Victoria
Business Development Manager,Scoresby,Johnson & Johnson,110373,106000,115000,10000+ Employees,Company - Public,Pharmaceutical & Biotechnology,1887.0,Biotech & Pharmaceuticals,$10+ billion (USD),Australia,Victoria
Business Development Manager,Scoresby,Johnson & Johnson,110373,106000,115000,10000+ Employees,Company - Public,Pharmaceutical & Biotechnology,1887.0,Biotech & Pharmaceuticals,$10+ billion (USD),Australia,Victoria
Engineer,Melbourne,ANZ Banking Group,135554,100000,184000,10000+ Employees,Company - Public,Finance,1835.0,Banking & Lending,Unknown / Non-Applicable,Australia,Victoria
Electronics Engineer,New South Wales,Australian Antarctic Division,92076,92000,92000,501 to 1000 Employees,Government,Government & Public Administration,1948.0,National Services & Agencies,Unknown / Non-Applicable,Australia,Victoria
Electronics Engineer,New South Wales,Australian Antarctic Division,92076,92000,92000,501 to 1000 Employees,Government,Government & Public Administration,1948.0,National Services & Agencies,Unknown / Non-Applicable,Australia,Victoria
Consultant,Burwood,PharmOut Pty Ltd,80000,75000,85000,,,,,,,Australia,Victoria
Consultant,Burwood,PharmOut Pty Ltd,80000,75000,85000,,,,,,,Australia,Victoria
Software Engineer,Melbourne,Vedainfo Pty Ltd,120589,100000,141000,,,,,,,Australia,Victoria
Senior Channel Manager,Mulgrave,Bristol Myers Squibb,80623,65000,100000,10000+ Employees,Company - Public,Pharmaceutical & Biotechnology,1858.0,Biotech & Pharmaceuticals,$10+ billion (USD),Australia,Victoria
Senior Channel Manager,Mulgrave,Bristol Myers Squibb,80623,65000,100000,10000+ Employees,Company - Public,Pharmaceutical & Biotechnology,1858.0,Biotech & Pharmaceuticals,$10+ billion (USD),Australia,Victoria
Senior Front End Engineer,Melbourne,NAB - National Australia Bank,131453,120000,144000,10000+ Employees,Company - Public,Finance,,Banking & Lending,$10+ billion (USD),Australia,Victoria
Software Engineer,Brighton,UVS Group,70000,65000,75000,,,,,,,Australia,Victoria
Navy Careers (No Experience Required),New South Wales,Royal Australian Navy,82500,75000,90000,10000+ Employees,Government,Government & Public Administration,,National Services & Agencies,Unknown / Non-Applicable,Australia,Victoria
Navy Careers (No Experience Required),New South Wales,Royal Australian Navy,82500,75000,90000,10000+ Employees,Government,Government & Public Administration,,National Services & Agencies,Unknown / Non-Applicable,Australia,Victoria
Engineer,Melbourne,ANZ Banking Group,135554,100000,184000,10000+ Employees,Company - Public,Finance,1835.0,Banking & Lending,Unknown / Non-Applicable,Australia,Victoria
Data Engineer,Mount Waverley,LongView,104499,84000,130000,1001 to 5000 Employees,Company - Private,Information Technology,1999.0,Information Technology Support Services,$100 to $500 million (USD),Australia,Victoria
Engineer,Melbourne,ANZ Banking Group,135554,100000,184000,10000+ Employees,Company - Public,Finance,1835.0,Banking & Lending,Unknown / Non-Applicable,Australia,Victoria
Software Engineer,Melbourne,Vedainfo Pty Ltd,120589,100000,141000,,,,,,,Australia,Victoria
Software Engineer,Melbourne,Vedainfo Pty Ltd,120589,100000,141000,,,,,,,Australia,Victoria
Senior Front End Engineer,Melbourne,NAB - National Australia Bank,131453,120000,144000,10000+ Employees,Company - Public,Finance,,Banking & Lending,$10+ billion (USD),Australia,Victoria
Senior Front End Engineer,Melbourne,NAB - National Australia Bank,131453,120000,144000,10000+ Employees,Company - Public,Finance,,Banking & Lending,$10+ billion (USD),Australia,Victoria
Electronics Engineer,New South Wales,Australian Antarctic Division,92076,92000,92000,501 to 1000 Employees,Government,Government & Public Administration,1948.0,National Services & Agencies,Unknown / Non-Applicable,Australia,Victoria
Electronics Engineer,New South Wales,Australian Antarctic Division,92076,92000,92000,501 to 1000 Employees,Government,Government & Public Administration,1948.0,National Services & Agencies,Unknown / Non-Applicable,Australia,Victoria
Business Development Manager,Scoresby,Johnson & Johnson,110373,106000,115000,10000+ Employees,Company - Public,Pharmaceutical & Biotechnology,1887.0,Biotech & Pharmaceuticals,$10+ billion (USD),Australia,Victoria
Business Development Manager,Scoresby,Johnson & Johnson,110373,106000,115000,10000+ Employees,Company - Public,Pharmaceutical & Biotechnology,1887.0,Biotech & Pharmaceuticals,$10+ billion (USD),Australia,Victoria
Consultant,Burwood,PharmOut Pty Ltd,80000,75000,85000,,,,,,,Australia,Victoria
Consultant,Burwood,PharmOut Pty Ltd,80000,75000,85000,,,,,,,Australia,Victoria
Senior Channel Manager,Mulgrave,Bristol Myers Squibb,80623,65000,100000,10000+ Employees,Company - Public,Pharmaceutical & Biotechnology,1858.0,Biotech & Pharmaceuticals,$10+ billion (USD),Australia,Victoria
Senior Channel Manager,Mulgrave,Bristol Myers Squibb,80623,65000,100000,10000+ Employees,Company - Public,Pharmaceutical & Biotechnology,1858.0,Biotech & Pharmaceuticals,$10+ billion (USD),Australia,Victoria
Navy Careers (No Experience Required),New South Wales,Royal Australian Navy,82500,75000,90000,10000+ Employees,Government,Government & Public Administration,,National Services & Agencies,Unknown / Non-Applicable,Australia,Victoria
Navy Careers (No Experience Required),New South Wales,Royal Australian Navy,82500,75000,90000,10000+ Employees,Government,Government & Public Administration,,National Services & Agencies,Unknown / Non-Applicable,Australia,Victoria
Engineer,Melbourne,ANZ Banking Group,135554,100000,184000,10000+ Employees,Company - Public,Finance,1835.0,Banking & Lending,Unknown / Non-Applicable,Australia,Victoria
Electronics Engineer,New South Wales,Australian Antarctic Division,92076,92000,92000,501 to 1000 Employees,Government,Government & Public Administration,1948.0,National Services & Agencies,Unknown / Non-Applicable,Australia,Victoria
Business Development Manager,Scoresby,Johnson & Johnson,110373,106000,115000,10000+ Employees,Company - Public,Pharmaceutical & Biotechnology,1887.0,Biotech & Pharmaceuticals,$10+ billion (USD),Australia,Victoria
Business Development Manager,Scoresby,Johnson & Johnson,110373,106000,115000,10000+ Employees,Company - Public,Pharmaceutical & Biotechnology,1887.0,Biotech & Pharmaceuticals,$10+ billion (USD),Australia,Victoria
Electronics Engineer,New South Wales,Australian Antarctic Division,92076,92000,92000,501 to 1000 Employees,Government,Government & Public Administration,1948.0,National Services & Agencies,Unknown / Non-Applicable,Australia,Victoria
Engineer,Melbourne,ANZ Banking Group,135554,100000,184000,10000+ Employees,Company - Public,Finance,1835.0,Banking & Lending,Unknown / Non-Applicable,Australia,Victoria
Consultant,Burwood,PharmOut Pty Ltd,80000,75000,85000,,,,,,,Australia,Victoria
Consultant,Burwood,PharmOut Pty Ltd,80000,75000,85000,,,,,,,Australia,Victoria
Software Engineer,Melbourne,Vedainfo Pty Ltd,120589,100000,141000,,,,,,,Australia,Victoria
Software Engineer,Melbourne,Vedainfo Pty Ltd,120589,100000,141000,,,,,,,Australia,Victoria
Senior Channel Manager,Mulgrave,Bristol Myers Squibb,80623,65000,100000,10000+ Employees,Company - Public,Pharmaceutical & Biotechnology,1858.0,Biotech & Pharmaceuticals,$10+ billion (USD),Australia,Victoria
Senior Channel Manager,Mulgrave,Bristol Myers Squibb,80623,65000,100000,10000+ Employees,Company - Public,Pharmaceutical & Biotechnology,1858.0,Biotech & Pharmaceuticals,$10+ billion (USD),Australia,Victoria
Navy Careers (No Experience Required),New South Wales,Royal Australian Navy,82500,75000,90000,10000+ Employees,Government,Government & Public Administration,,National Services & Agencies,Unknown / Non-Applicable,Australia,Victoria
Senior Front End Engineer,Melbourne,NAB - National Australia Bank,131453,120000,144000,10000+ Employees,Company - Public,Finance,,Banking & Lending,$10+ billion (USD),Australia,Victoria
Navy Careers (No Experience Required),New South Wales,Royal Australian Navy,82500,75000,90000,10000+ Employees,Government,Government & Public Administration,,National Services & Agencies,Unknown / Non-Applicable,Australia,Victoria
Engineer,Melbourne,ANZ Banking Group,135554,100000,184000,10000+ Employees,Company - Public,Finance,1835.0,Banking & Lending,Unknown / Non-Applicable,Australia,Victoria
Senior Front End Engineer,Melbourne,NAB - National Australia Bank,131453,120000,144000,10000+ Employees,Company - Public,Finance,,Banking & Lending,$10+ billion (USD),Australia,Victoria
Engineer,Melbourne,ANZ Banking Group,135554,100000,184000,10000+ Employees,Company - Public,Finance,1835.0,Banking & Lending,Unknown / Non-Applicable,Australia,Victoria
Software Engineer,Melbourne,Vedainfo Pty Ltd,120589,100000,141000,,,,,,,Australia,Victoria
Software Engineer,Melbourne,Vedainfo Pty Ltd,120589,100000,141000,,,,,,,Australia,Victoria
Senior Front End Engineer,Melbourne,NAB - National Australia Bank,131453,120000,144000,10000+ Employees,Company - Public,Finance,,Banking & Lending,$10+ billion (USD),Australia,Victoria
Senior Front End Engineer,Melbourne,NAB - National Australia Bank,131453,120000,144000,10000+ Employees,Company - Public,Finance,,Banking & Lending,$10+ billion (USD),Australia,Victoria
Software Engineer,Brighton,UVS Group,70000,65000,75000,,,,,,,Australia,Victoria
Electronics Engineer,New South Wales,Australian Antarctic Division,92076,92000,92000,501 to 1000 Employees,Government,Government & Public Administration,1948.0,National Services & Agencies,Unknown / Non-Applicable,Australia,Victoria
Business Development Manager,Scoresby,Johnson & Johnson,110373,106000,115000,10000+ Employees,Company - Public,Pharmaceutical & Biotechnology,1887.0,Biotech & Pharmaceuticals,$10+ billion (USD),Australia,Victoria
Business Development Manager,Scoresby,Johnson & Johnson,110373,106000,115000,10000+ Employees,Company - Public,Pharmaceutical & Biotechnology,1887.0,Biotech & Pharmaceuticals,$10+ billion (USD),Australia,Victoria
Electronics Engineer,New South Wales,Australian Antarctic Division,92076,92000,92000,501 to 1000 Employees,Government,Government & Public Administration,1948.0,National Services & Agencies,Unknown / Non-Applicable,Australia,Victoria
Consultant,Burwood,PharmOut Pty Ltd,80000,75000,85000,,,,,,,Australia,Victoria
Consultant,Burwood,PharmOut Pty Ltd,80000,75000,85000,,,,,,,Australia,Victoria
Senior Channel Manager,Mulgrave,Bristol Myers Squibb,80623,65000,100000,10000+ Employees,Company - Public,Pharmaceutical & Biotechnology,1858.0,Biotech & Pharmaceuticals,$10+ billion (USD),Australia,Victoria
Senior Channel Manager,Mulgrave,Bristol Myers Squibb,80623,65000,100000,10000+ Employees,Company - Public,Pharmaceutical & Biotechnology,1858.0,Biotech & Pharmaceuticals,$10+ billion (USD),Australia,Victoria
Navy Careers (No Experience Required),New South Wales,Royal Australian Navy,82500,75000,90000,10000+ Employees,Government,Government & Public Administration,,National Services & Agencies,Unknown / Non-Applicable,Australia,Victoria
Engineer,Melbourne,ANZ Banking Group,135554,100000,184000,10000+ Employees,Company - Public,Finance,1835.0,Banking & Lending,Unknown / Non-Applicable,Australia,Victoria
Engineer,Melbourne,ANZ Banking Group,135554,100000,184000,10000+ Employees,Company - Public,Finance,1835.0,Banking & Lending,Unknown / Non-Applicable,Australia,Victoria
Electronics Engineer,New South Wales,Australian Antarctic Division,92076,92000,92000,501 to 1000 Employees,Government,Government & Public Administration,1948.0,National Services & Agencies,Unknown / Non-Applicable,Australia,Victoria
Business Development Manager,Scoresby,Johnson & Johnson,110373,106000,115000,10000+ Employees,Company - Public,Pharmaceutical & Biotechnology,1887.0,Biotech & Pharmaceuticals,$10+ billion (USD),Australia,Victoria
Business Development Manager,Scoresby,Johnson & Johnson,110373,106000,115000,10000+ Employees,Company - Public,Pharmaceutical & Biotechnology,1887.0,Biotech & Pharmaceuticals,$10+ billion (USD),Australia,Victoria
Navy Careers (No Experience Required),New South Wales,Royal Australian Navy,82500,75000,90000,10000+ Employees,Government,Government & Public Administration,,National Services & Agencies,Unknown / Non-Applicable,Australia,Victoria
Electronics Engineer,New South Wales,Australian Antarctic Division,92076,92000,92000,501 to 1000 Employees,Government,Government & Public Administration,1948.0,National Services & Agencies,Unknown / Non-Applicable,Australia,Victoria
Consultant,Burwood,PharmOut Pty Ltd,80000,75000,85000,,,,,,,Australia,Victoria
Consultant,Burwood,PharmOut Pty Ltd,80000,75000,85000,,,,,,,Australia,Victoria
Software Engineer,Melbourne,Vedainfo Pty Ltd,120589,100000,141000,,,,,,,Australia,Victoria
Senior Channel Manager,Mulgrave,Bristol Myers Squibb,80623,65000,100000,10000+ Employees,Company - Public,Pharmaceutical & Biotechnology,1858.0,Biotech & Pharmaceuticals,$10+ billion (USD),Australia,Victoria
Senior Channel Manager,Mulgrave,Bristol Myers Squibb,80623,65000,100000,10000+ Employees,Company - Public,Pharmaceutical & Biotechnology,1858.0,Biotech & Pharmaceuticals,$10+ billion (USD),Australia,Victoria
Senior Front End Engineer,Melbourne,NAB - National Australia Bank,131453,120000,144000,10000+ Employees,Company - Public,Finance,,Banking & Lending,$10+ billion (USD),Australia,Victoria
Navy Careers (No Experience Required),New South Wales,Royal Australian Navy,82500,75000,90000,10000+ Employees,Government,Government & Public Administration,,National Services & Agencies,Unknown / Non-Applicable,Australia,Victoria
Senior Front End Engineer,Melbourne,NAB - National Australia Bank,131453,120000,144000,10000+ Employees,Company - Public,Finance,,Banking & Lending,$10+ billion (USD),Australia,Victoria
Navy Careers (No Experience Required),New South Wales,Royal Australian Navy,82500,75000,90000,10000+ Employees,Government,Government & Public Administration,,National Services & Agencies,Unknown / Non-Applicable,Australia,Victoria
Engineer,Melbourne,ANZ Banking Group,135554,100000,184000,10000+ Employees,Company - Public,Finance,1835.0,Banking & Lending,Unknown / Non-Applicable,Australia,Victoria
Engineer,Melbourne,ANZ Banking Group,135554,100000,184000,10000+ Employees,Company - Public,Finance,1835.0,Banking & Lending,Unknown / Non-Applicable,Australia,Victoria
Software Engineer,Melbourne,Vedainfo Pty Ltd,120589,100000,141000,,,,,,,Australia,Victoria
Software Engineer,Melbourne,Vedainfo Pty Ltd,120589,100000,141000,,,,,,,Australia,Victoria
Senior Front End Engineer,Melbourne,NAB - National Australia Bank,131453,120000,144000,10000+ Employees,Company - Public,Finance,,Banking & Lending,$10+ billion (USD),Australia,Victoria
Senior Front End Engineer,Melbourne,NAB - National Australia Bank,131453,120000,144000,10000+ Employees,Company - Public,Finance,,Banking & Lending,$10+ billion (USD),Australia,Victoria
Electronics Engineer,New South Wales,Australian Antarctic Division,92076,92000,92000,501 to 1000 Employees,Government,Government & Public Administration,1948.0,National Services & Agencies,Unknown / Non-Applicable,Australia,Victoria
Business Development Manager,Scoresby,Johnson & Johnson,110373,106000,115000,10000+ Employees,Company - Public,Pharmaceutical & Biotechnology,1887.0,Biotech & Pharmaceuticals,$10+ billion (USD),Australia,Victoria
Business Development Manager,Scoresby,Johnson & Johnson,110373,106000,115000,10000+ Employees,Company - Public,Pharmaceutical & Biotechnology,1887.0,Biotech & Pharmaceuticals,$10+ billion (USD),Australia,Victoria
Consultant,Burwood,PharmOut Pty Ltd,80000,75000,85000,,,,,,,Australia,Victoria
Electronics Engineer,New South Wales,Australian Antarctic Division,92076,92000,92000,501 to 1000 Employees,Government,Government & Public Administration,1948.0,National Services & Agencies,Unknown / Non-Applicable,Australia,Victoria
Consultant,Burwood,PharmOut Pty Ltd,80000,75000,85000,,,,,,,Australia,Victoria
Senior Channel Manager,Mulgrave,Bristol Myers Squibb,80623,65000,100000,10000+ Employees,Company - Public,Pharmaceutical & Biotechnology,1858.0,Biotech & Pharmaceuticals,$10+ billion (USD),Australia,Victoria
Senior Channel Manager,Mulgrave,Bristol Myers Squibb,80623,65000,100000,10000+ Employees,Company - Public,Pharmaceutical & Biotechnology,1858.0,Biotech & Pharmaceuticals,$10+ billion (USD),Australia,Victoria
Navy Careers (No Experience Required),New South Wales,Royal Australian Navy,82500,75000,90000,10000+ Employees,Government,Government & Public Administration,,National Services & Agencies,Unknown / Non-Applicable,Australia,Victoria
Electronics Engineer,New South Wales,Australian Antarctic Division,92076,92000,92000,501 to 1000 Employees,Government,Government & Public Administration,1948.0,National Services & Agencies,Unknown / Non-Applicable,Australia,Victoria
Engineer,Melbourne,ANZ Banking Group,135554,100000,184000,10000+ Employees,Company - Public,Finance,1835.0,Banking & Lending,Unknown / Non-Applicable,Australia,Victoria
Navy Careers (No Experience Required),New South Wales,Royal Australian Navy,82500,75000,90000,10000+ Employees,Government,Government & Public Administration,,National Services & Agencies,Unknown / Non-Applicable,Australia,Victoria
Business Development Manager,Scoresby,Johnson & Johnson,110373,106000,115000,10000+ Employees,Company - Public,Pharmaceutical & Biotechnology,1887.0,Biotech & Pharmaceuticals,$10+ billion (USD),Australia,Victoria
Business Development Manager,Scoresby,Johnson & Johnson,110373,106000,115000,10000+ Employees,Company - Public,Pharmaceutical & Biotechnology,1887.0,Biotech & Pharmaceuticals,$10+ billion (USD),Australia,Victoria
Engineer,Melbourne,ANZ Banking Group,135554,100000,184000,10000+ Employees,Company - Public,Finance,1835.0,Banking & Lending,Unknown / Non-Applicable,Australia,Victoria
Electronics Engineer,New South Wales,Australian Antarctic Division,92076,92000,92000,501 to 1000 Employees,Government,Government & Public Administration,1948.0,National Services & Agencies,Unknown / Non-Applicable,Australia,Victoria
Consultant,Burwood,PharmOut Pty Ltd,80000,75000,85000,,,,,,,Australia,Victoria
Consultant,Burwood,PharmOut Pty Ltd,80000,75000,85000,,,,,,,Australia,Victoria
Software Engineer,Melbourne,Vedainfo Pty Ltd,120589,100000,141000,,,,,,,Australia,Victoria
Software Engineer,Melbourne,Vedainfo Pty Ltd,120589,100000,141000,,,,,,,Australia,Victoria
Senior Channel Manager,Mulgrave,Bristol Myers Squibb,80623,65000,100000,10000+ Employees,Company - Public,Pharmaceutical & Biotechnology,1858.0,Biotech & Pharmaceuticals,$10+ billion (USD),Australia,Victoria
Senior Channel Manager,Mulgrave,Bristol Myers Squibb,80623,65000,100000,10000+ Employees,Company - Public,Pharmaceutical & Biotechnology,1858.0,Biotech & Pharmaceuticals,$10+ billion (USD),Australia,Victoria
Senior Front End Engineer,Melbourne,NAB - National Australia Bank,131453,120000,144000,10000+ Employees,Company - Public,Finance,,Banking & Lending,$10+ billion (USD),Australia,Victoria
Navy Careers (No Experience Required),New South Wales,Royal Australian Navy,82500,75000,90000,10000+ Employees,Government,Government & Public Administration,,National Services & Agencies,Unknown / Non-Applicable,Australia,Victoria
Navy Careers (No Experience Required),New South Wales,Royal Australian Navy,82500,75000,90000,10000+ Employees,Government,Government & Public Administration,,National Services & Agencies,Unknown / Non-Applicable,Australia,Victoria
Senior Front End Engineer,Melbourne,NAB - National Australia Bank,131453,120000,144000,10000+ Employees,Company - Public,Finance,,Banking & Lending,$10+ billion (USD),Australia,Victoria
Engineer,Melbourne,ANZ Banking Group,135554,100000,184000,10000+ Employees,Company - Public,Finance,1835.0,Banking & Lending,Unknown / Non-Applicable,Australia,Victoria
Engineer,Melbourne,ANZ Banking Group,135554,100000,184000,10000+ Employees,Company - Public,Finance,1835.0,Banking & Lending,Unknown / Non-Applicable,Australia,Victoria
Software Engineer,Melbourne,Vedainfo Pty Ltd,120589,100000,141000,,,,,,,Australia,Victoria
Software Engineer,Melbourne,Vedainfo Pty Ltd,120589,100000,141000,,,,,,,Australia,Victoria
Senior Front End Engineer,Melbourne,NAB - National Australia Bank,131453,120000,144000,10000+ Employees,Company - Public,Finance,,Banking & Lending,$10+ billion (USD),Australia,Victoria
Senior Front End Engineer,Melbourne,NAB - National Australia Bank,131453,120000,144000,10000+ Employees,Company - Public,Finance,,Banking & Lending,$10+ billion (USD),Australia,Victoria
Electronics Engineer,New South Wales,Australian Antarctic Division,92076,92000,92000,501 to 1000 Employees,Government,Government & Public Administration,1948.0,National Services & Agencies,Unknown / Non-Applicable,Australia,Victoria
Electronics Engineer,New South Wales,Australian Antarctic Division,92076,92000,92000,501 to 1000 Employees,Government,Government & Public Administration,1948.0,National Services & Agencies,Unknown / Non-Applicable,Australia,Victoria
Business Development Manager,Scoresby,Johnson & Johnson,110373,106000,115000,10000+ Employees,Company - Public,Pharmaceutical & Biotechnology,1887.0,Biotech & Pharmaceuticals,$10+ billion (USD),Australia,Victoria
Business Development Manager,Scoresby,Johnson & Johnson,110373,106000,115000,10000+ Employees,Company - Public,Pharmaceutical & Biotechnology,1887.0,Biotech & Pharmaceuticals,$10+ billion (USD),Australia,Victoria
Consultant,Burwood,PharmOut Pty Ltd,80000,75000,85000,,,,,,,Australia,Victoria
Consultant,Burwood,PharmOut Pty Ltd,80000,75000,85000,,,,,,,Australia,Victoria
Senior Channel Manager,Mulgrave,Bristol Myers Squibb,80623,65000,100000,10000+ Employees,Company - Public,Pharmaceutical & Biotechnology,1858.0,Biotech & Pharmaceuticals,$10+ billion (USD),Australia,Victoria
Senior Channel Manager,Mulgrave,Bristol Myers Squibb,80623,65000,100000,10000+ Employees,Company - Public,Pharmaceutical & Biotechnology,1858.0,Biotech & Pharmaceuticals,$10+ billion (USD),Australia,Victoria
Navy Careers (No Experience Required),New South Wales,Royal Australian Navy,82500,75000,90000,10000+ Employees,Government,Government & Public Administration,,National Services & Agencies,Unknown / Non-Applicable,Australia,Victoria
Navy Careers (No Experience Required),New South Wales,Royal Australian Navy,82500,75000,90000,10000+ Employees,Government,Government & Public Administration,,National Services & Agencies,Unknown / Non-Applicable,Australia,Victoria
Business Development Manager,Scoresby,Johnson & Johnson,110373,106000,115000,10000+ Employees,Company - Public,Pharmaceutical & Biotechnology,1887.0,Biotech & Pharmaceuticals,$10+ billion (USD),Australia,Victoria
Engineer,Melbourne,ANZ Banking Group,135554,100000,184000,10000+ Employees,Company - Public,Finance,1835.0,Banking & Lending,Unknown / Non-Applicable,Australia,Victoria
Business Development Manager,Scoresby,Johnson & Johnson,110373,106000,115000,10000+ Employees,Company - Public,Pharmaceutical & Biotechnology,1887.0,Biotech & Pharmaceuticals,$10+ billion (USD),Australia,Victoria
Engineer,Melbourne,ANZ Banking Group,135554,100000,184000,10000+ Employees,Company - Public,Finance,1835.0,Banking & Lending,Unknown / Non-Applicable,Australia,Victoria
Electronics Engineer,New South Wales,Australian Antarctic Division,92076,92000,92000,501 to 1000 Employees,Government,Government & Public Administration,1948.0,National Services & Agencies,Unknown / Non-Applicable,Australia,Victoria
Electronics Engineer,New South Wales,Australian Antarctic Division,92076,92000,92000,501 to 1000 Employees,Government,Government & Public Administration,1948.0,National Services & Agencies,Unknown / Non-Applicable,Australia,Victoria
Consultant,Burwood,PharmOut Pty Ltd,80000,75000,85000,,,,,,,Australia,Victoria
Consultant,Burwood,PharmOut Pty Ltd,80000,75000,85000,,,,,,,Australia,Victoria
Software Engineer,Melbourne,Vedainfo Pty Ltd,120589,100000,141000,,,,,,,Australia,Victoria
Software Engineer,Melbourne,Vedainfo Pty Ltd,120589,100000,141000,,,,,,,Australia,Victoria
Senior Channel Manager,Mulgrave,Bristol Myers Squibb,80623,65000,100000,10000+ Employees,Company - Public,Pharmaceutical & Biotechnology,1858.0,Biotech & Pharmaceuticals,$10+ billion (USD),Australia,Victoria
Senior Channel Manager,Mulgrave,Bristol Myers Squibb,80623,65000,100000,10000+ Employees,Company - Public,Pharmaceutical & Biotechnology,1858.0,Biotech & Pharmaceuticals,$10+ billion (USD),Australia,Victoria
Navy Careers (No Experience Required),New South Wales,Royal Australian Navy,82500,75000,90000,10000+ Employees,Government,Government & Public Administration,,National Services & Agencies,Unknown / Non-Applicable,Australia,Victoria
Navy Careers (No Experience Required),New South Wales,Royal Australian Navy,82500,75000,90000,10000+ Employees,Government,Government & Public Administration,,National Services & Agencies,Unknown / Non-Applicable,Australia,Victoria
Senior Front End Engineer,Melbourne,NAB - National Australia Bank,131453,120000,144000,10000+ Employees,Company - Public,Finance,,Banking & Lending,$10+ billion (USD),Australia,Victoria
Engineer,Melbourne,ANZ Banking Group,135554,100000,184000,10000+ Employees,Company - Public,Finance,1835.0,Banking & Lending,Unknown / Non-Applicable,Australia,Victoria
Senior Front End Engineer,Melbourne,NAB - National Australia Bank,131453,120000,144000,10000+ Employees,Company - Public,Finance,,Banking & Lending,$10+ billion (USD),Australia,Victoria
Engineer,Melbourne,ANZ Banking Group,135554,100000,184000,10000+ Employees,Company - Public,Finance,1835.0,Banking & Lending,Unknown / Non-Applicable,Australia,Victoria
Software Engineer,Melbourne,Vedainfo Pty Ltd,120589,100000,141000,,,,,,,Australia,Victoria
Software Engineer,Melbourne,Vedainfo Pty Ltd,120589,100000,141000,,,,,,,Australia,Victoria
Senior Front End Engineer,Melbourne,NAB - National Australia Bank,131453,120000,144000,10000+ Employees,Company - Public,Finance,,Banking & Lending,$10+ billion (USD),Australia,Victoria
Senior Front End Engineer,Melbourne,NAB - National Australia Bank,131453,120000,144000,10000+ Employees,Company - Public,Finance,,Banking & Lending,$10+ billion (USD),Australia,Victoria
Business Development Manager,Scoresby,Johnson & Johnson,110373,106000,115000,10000+ Employees,Company - Public,Pharmaceutical & Biotechnology,1887.0,Biotech & Pharmaceuticals,$10+ billion (USD),Australia,Victoria
Electronics Engineer,New South Wales,Australian Antarctic Division,92076,92000,92000,501 to 1000 Employees,Government,Government & Public Administration,1948.0,National Services & Agencies,Unknown / Non-Applicable,Australia,Victoria
Electronics Engineer,New South Wales,Australian Antarctic Division,92076,92000,92000,501 to 1000 Employees,Government,Government & Public Administration,1948.0,National Services & Agencies,Unknown / Non-Applicable,Australia,Victoria
Business Development Manager,Scoresby,Johnson & Johnson,110373,106000,115000,10000+ Employees,Company - Public,Pharmaceutical & Biotechnology,1887.0,Biotech & Pharmaceuticals,$10+ billion (USD),Australia,Victoria
Consultant,Burwood,PharmOut Pty Ltd,80000,75000,85000,,,,,,,Australia,Victoria
Consultant,Burwood,PharmOut Pty Ltd,80000,75000,85000,,,,,,,Australia,Victoria
Senior Channel Manager,Mulgrave,Bristol Myers Squibb,80623,65000,100000,10000+ Employees,Company - Public,Pharmaceutical & Biotechnology,1858.0,Biotech & Pharmaceuticals,$10+ billion (USD),Australia,Victoria
Senior Channel Manager,Mulgrave,Bristol Myers Squibb,80623,65000,100000,10000+ Employees,Company - Public,Pharmaceutical & Biotechnology,1858.0,Biotech & Pharmaceuticals,$10+ billion (USD),Australia,Victoria
Navy Careers (No Experience Required),New South Wales,Royal Australian Navy,82500,75000,90000,10000+ Employees,Government,Government & Public Administration,,National Services & Agencies,Unknown / Non-Applicable,Australia,Victoria
Engineer,Melbourne,ANZ Banking Group,135554,100000,184000,10000+ Employees,Company - Public,Finance,1835.0,Banking & Lending,Unknown / Non-Applicable,Australia,Victoria
Engineer,Melbourne,ANZ Banking Group,135554,100000,184000,10000+ Employees,Company - Public,Finance,1835.0,Banking & Lending,Unknown / Non-Applicable,Australia,Victoria
Navy Careers (No Experience Required),New South Wales,Royal Australian Navy,82500,75000,90000,10000+ Employees,Government,Government & Public Administration,,National Services & Agencies,Unknown / Non-Applicable,Australia,Victoria
Software Engineer,Melbourne,Vedainfo Pty Ltd,120589,100000,141000,,,,,,,Australia,Victoria
Senior Front End Engineer,Melbourne,NAB - National Australia Bank,131453,120000,144000,10000+ Employees,Company - Public,Finance,,Banking & Lending,$10+ billion (USD),Australia,Victoria
Software Engineer,Melbourne,Vedainfo Pty Ltd,120589,100000,141000,,,,,,,Australia,Victoria
Data Analyst,Sydney,Profusion Group,90000,90000,90000,1 to 50 Employees,Company - Private,Human Resources & Staffing,2004.0,"Staffing, Recruitment & Subcontracting",Unknown / Non-Applicable,Australia,New South Wales
Data Scientist,Sydney,Macquarie Group Limited,150649,134000,170000,10000+ Employees,Company - Public,Finance,1969.0,Investment & Asset Management,$5 to $10 billion (USD),Australia,New South Wales
Data Engineer,Sydney,Servian,101956,99000,105000,501 to 1000 Employees,Company - Private,Information Technology,2008.0,Information Technology Support Services,Unknown / Non-Applicable,Australia,New South Wales
Software Engineer,Sydney,Optiver Group,129132,115000,145000,501 to 1000 Employees,Company - Private,Finance,1986.0,Stock Exchanges,$500 million to $1 billion (USD),Australia,New South Wales
Data Scientist,Sydney,Finder,142478,140000,145000,201 to 500 Employees,Company - Private,Information Technology,2006.0,Internet & Web Services,Unknown / Non-Applicable,Australia,New South Wales
Data Scientist,Westmead,Children's Medical Research Institute,104500,100000,109000,,,,,,,Australia,New South Wales
Data Engineer,Sydney,INGRITY,124850,108000,145000,Unknown,Company - Private,,,,Unknown / Non-Applicable,Australia,New South Wales
Data Analyst,Sydney,Prospection Pty,68586,59000,80000,51 to 200 Employees,Unknown,,,,Unknown / Non-Applicable,Australia,New South Wales
Data Analyst,Sydney,Challenger,91293,79000,106000,501 to 1000 Employees,Company - Public,Finance,,Investment & Asset Management,$2 to $5 billion (USD),Australia,New South Wales
Data Analyst,Sydney,Australian Reinsurance Pool Corporation,97750,74000,130000,1 to 50 Employees,Company - Public,,,,Unknown / Non-Applicable,Australia,New South Wales
Data Analyst,Sydney,Sirius People,80498,60000,108000,1 to 50 Employees,Company - Private,Human Resources & Staffing,2003.0,HR Consulting,Unknown / Non-Applicable,Australia,New South Wales
Data Scientist,Sydney,Uber,152480,150000,155000,10000+ Employees,Company - Public,Information Technology,2009.0,Internet & Web Services,$10+ billion (USD),Australia,New South Wales
Data Scientist,Sydney,Atlassian,134907,130000,140000,5001 to 10000 Employees,Company - Public,Information Technology,2002.0,Software Development,Unknown / Non-Applicable,Australia,New South Wales
Data Scientist,Sydney,Correlate Resources,128452,110000,150000,Unknown,Company - Public,,,,Unknown / Non-Applicable,Australia,New South Wales
Data Analyst,Sydney,International Institute of Data & Analytics,81670,58000,115000,201 to 500 Employees,Company - Private,Information Technology,2014.0,Information Technology Support Services,Unknown / Non-Applicable,Australia,New South Wales
Electronics Engineer,Northern Territory,Australian Antarctic Division,92076,92000,92000,501 to 1000 Employees,Government,Government & Public Administration,1948.0,National Services & Agencies,Unknown / Non-Applicable,Australia,Northern Territory
Navy Careers (No Experience Required),Northern Territory,Royal Australian Navy,82500,75000,90000,10000+ Employees,Government,Government & Public Administration,,National Services & Agencies,Unknown / Non-Applicable,Australia,Northern Territory
Electronics Engineer,Queensland,Australian Antarctic Division,92076,92000,92000,501 to 1000 Employees,Government,Government & Public Administration,1948.0,National Services & Agencies,Unknown / Non-Applicable,Australia,Queensland
Data Engineer,Brisbane,Sedgman Limited,111324,97000,128000,501 to 1000 Employees,Company - Public,"Construction, Repair & Maintenance Services",,Architectural & Engineering Services,Unknown / Non-Applicable,Australia,Queensland
Navy Careers (No Experience Required),Queensland,Royal Australian Navy,82500,75000,90000,10000+ Employees,Government,Government & Public Administration,,National Services & Agencies,Unknown / Non-Applicable,Australia,Queensland
Data Analyst,Brisbane,Liquid Interactive,84065,74000,96000,1 to 50 Employees,Company - Private,Management & Consulting,2006.0,Business Consulting,$5 to $25 million (USD),Australia,Queensland
Data Scientist,Brisbane,Davidson Recruitment,170000,160000,180000,51 to 200 Employees,Company - Private,Human Resources & Staffing,1991.0,HR Consulting,Unknown / Non-Applicable,Australia,Queensland
Software Engineer,Brisbane,Emesent,122173,107000,140000,51 to 200 Employees,Company - Private,Aerospace & Defence,2018.0,Aerospace & Defence,Unknown / Non-Applicable,Australia,Queensland
Data Engineer,Brisbane,Ventia Pty Limited,109430,96000,125000,5001 to 10000 Employees,Company - Public,"Construction, Repair & Maintenance Services",2015.0,Construction,$25 to $50 million (USD),Australia,Queensland
Software Engineer,Brisbane,CSIRO,75000,66000,84000,5001 to 10000 Employees,Government,Government & Public Administration,1926.0,National Services & Agencies,$500 million to $1 billion (USD),Australia,Queensland
Electronics Engineer,Queensland,Australian Antarctic Division,92076,92000,92000,501 to 1000 Employees,Government,Government & Public Administration,1948.0,National Services & Agencies,Unknown / Non-Applicable,Australia,Queensland
Electronics Engineer,Queensland,Australian Antarctic Division,92076,92000,92000,501 to 1000 Employees,Government,Government & Public Administration,1948.0,National Services & Agencies,Unknown / Non-Applicable,Australia,Queensland
Navy Careers (No Experience Required),Queensland,Royal Australian Navy,82500,75000,90000,10000+ Employees,Government,Government & Public Administration,,National Services & Agencies,Unknown / Non-Applicable,Australia,Queensland
Navy Careers (No Experience Required),Queensland,Royal Australian Navy,82500,75000,90000,10000+ Employees,Government,Government & Public Administration,,National Services & Agencies,Unknown / Non-Applicable,Australia,Queensland
Software Engineer,Brisbane,NOJA Power,108972,95000,125000,51 to 200 Employees,Company - Private,,,,Unknown / Non-Applicable,Australia,Queensland
Consultant,Fortitude Valley,Power Systems Consultants,117282,105000,131000,51 to 200 Employees,Company - Private,"Energy, Mining, Utilities",1995.0,Energy & Utilities,$25 to $50 million (USD),Australia,Queensland
Data Engineer,Brisbane,Ventia Pty Limited,109430,96000,125000,5001 to 10000 Employees,Company - Public,"Construction, Repair & Maintenance Services",2015.0,Construction,$25 to $50 million (USD),Australia,Queensland
Data Engineer,Brisbane,Ventia Pty Limited,109430,96000,125000,5001 to 10000 Employees,Company - Public,"Construction, Repair & Maintenance Services",2015.0,Construction,$25 to $50 million (USD),Australia,Queensland
Electronics Engineer,Queensland,Australian Antarctic Division,92076,92000,92000,501 to 1000 Employees,Government,Government & Public Administration,1948.0,National Services & Agencies,Unknown / Non-Applicable,Australia,Queensland
Navy Careers (No Experience Required),Queensland,Royal Australian Navy,82500,75000,90000,10000+ Employees,Government,Government & Public Administration,,National Services & Agencies,Unknown / Non-Applicable,Australia,Queensland
Electronics Engineer,Queensland,Australian Antarctic Division,92076,92000,92000,501 to 1000 Employees,Government,Government & Public Administration,1948.0,National Services & Agencies,Unknown / Non-Applicable,Australia,Queensland
Navy Careers (No Experience Required),Queensland,Royal Australian Navy,82500,75000,90000,10000+ Employees,Government,Government & Public Administration,,National Services & Agencies,Unknown / Non-Applicable,Australia,Queensland
Data Engineer,Brisbane,Ventia Pty Limited,109430,96000,125000,5001 to 10000 Employees,Company - Public,"Construction, Repair & Maintenance Services",2015.0,Construction,$25 to $50 million (USD),Australia,Queensland
Data Scientist,Brisbane,Veitch Lister Consulting,111445,89000,140000,51 to 200 Employees,Company - Private,,,,Unknown / Non-Applicable,Australia,Queensland
Data Engineer,Brisbane,Ventia Pty Limited,109430,96000,125000,5001 to 10000 Employees,Company - Public,"Construction, Repair & Maintenance Services",2015.0,Construction,$25 to $50 million (USD),Australia,Queensland
Electronics Engineer,South Australia,Australian Antarctic Division,92076,92000,92000,501 to 1000 Employees,Government,Government & Public Administration,1948.0,National Services & Agencies,Unknown / Non-Applicable,Australia,South Australia
Navy Careers (No Experience Required),South Australia,Royal Australian Navy,82500,75000,90000,10000+ Employees,Government,Government & Public Administration,,National Services & Agencies,Unknown / Non-Applicable,Australia,South Australia
Software Engineer,Adelaide,MyBudget,85000,80000,90000,,,,,,,Australia,South Australia
Software Engineer,Adelaide,Canonical - Jobs,133704,122000,146000,501 to 1000 Employees,Company - Private,Information Technology,2004.0,Computer Hardware Development,$25 to $50 million (USD),Australia,South Australia
Software Engineer,Adelaide,Canonical - Jobs,133704,122000,146000,501 to 1000 Employees,Company - Private,Information Technology,2004.0,Computer Hardware Development,$25 to $50 million (USD),Australia,South Australia
Software Engineer,Adelaide,Canonical - Jobs,133135,122000,145000,501 to 1000 Employees,Company - Private,Information Technology,2004.0,Computer Hardware Development,$25 to $50 million (USD),Australia,South Australia
Engineer,Adelaide,Canonical - Jobs,173928,169000,179000,501 to 1000 Employees,Company - Private,Information Technology,2004.0,Computer Hardware Development,$25 to $50 million (USD),Australia,South Australia
Software Engineer,Adelaide,Canonical - Jobs,135377,127000,144000,501 to 1000 Employees,Company - Private,Information Technology,2004.0,Computer Hardware Development,$25 to $50 million (USD),Australia,South Australia
Software Engineer,Adelaide,Canonical - Jobs,134277,122000,148000,501 to 1000 Employees,Company - Private,Information Technology,2004.0,Computer Hardware Development,$25 to $50 million (USD),Australia,South Australia
Software Engineer,Kingston,Institute of Mine Seismology,100000,100000,100000,,,,,,,Australia,Tasmania
Electronics Engineer,Tasmania,Australian Antarctic Division,92076,92000,92000,501 to 1000 Employees,Government,Government & Public Administration,1948.0,National Services & Agencies,Unknown / Non-Applicable,Australia,Tasmania
Consultant,Launceston,JustWaste,82500,70000,95000,,,,,,,Australia,Tasmania
Navy Careers (No Experience Required),Tasmania,Royal Australian Navy,82500,75000,90000,10000+ Employees,Government,Government & Public Administration,,National Services & Agencies,Unknown / Non-Applicable,Australia,Tasmania
Data Engineer,Osterley,SKY Italia,92087,80000,106000,10000+ Employees,Company - Public,Media & Communication,1989.0,Broadcast Media,$5 to $10 billion (USD),Australia,Tasmania
Data Engineer,Osterley,SKY Italia,92087,80000,106000,10000+ Employees,Company - Public,Media & Communication,1989.0,Broadcast Media,$5 to $10 billion (USD),Australia,Tasmania
Data Scientist,Osterley,SKY Italia,115542,89000,150000,10000+ Employees,Company - Public,Media & Communication,1989.0,Broadcast Media,$5 to $10 billion (USD),Australia,Tasmania
Data Scientist,Osterley,SKY Italia,114237,87000,150000,10000+ Employees,Company - Public,Media & Communication,1989.0,Broadcast Media,$5 to $10 billion (USD),Australia,Tasmania
Data Analyst,Osterley,SKY Italia,89582,75000,107000,10000+ Employees,Company - Public,Media & Communication,1989.0,Broadcast Media,$5 to $10 billion (USD),Australia,Tasmania
Data Analyst,Osterley,SKY Italia,87353,73000,105000,10000+ Employees,Company - Public,Media & Communication,1989.0,Broadcast Media,$5 to $10 billion (USD),Australia,Tasmania
Data Engineer,Osterley,SKY Italia,92087,80000,106000,10000+ Employees,Company - Public,Media & Communication,1989.0,Broadcast Media,$5 to $10 billion (USD),Australia,Tasmania
Data Engineer,Perth,Deloitte,150097,132000,171000,10000+ Employees,Company - Private,Finance,1850.0,Accounting & Tax,$10+ billion (USD),Australia,Western Australia
Electronics Engineer,Western Australia,Australian Antarctic Division,92076,92000,92000,501 to 1000 Employees,Government,Government & Public Administration,1948.0,National Services & Agencies,Unknown / Non-Applicable,Australia,Western Australia
Software Engineer,Perth,Boston Consulting Group,170422,161000,180000,10000+ Employees,Company - Private,Management & Consulting,1963.0,Business Consulting,$10+ billion (USD),Australia,Western Australia
Software Engineer,Perth,Boston Consulting Group,170422,161000,180000,10000+ Employees,Company - Private,Management & Consulting,1963.0,Business Consulting,$10+ billion (USD),Australia,Western Australia
Data Analyst,Perth,Satalyst,84732,75000,96000,1 to 50 Employees,Company - Private,,,,Unknown / Non-Applicable,Australia,Western Australia
Software Engineer,Perth,CSIRO,108500,104000,113000,5001 to 10000 Employees,Government,Government & Public Administration,1926.0,National Services & Agencies,$500 million to $1 billion (USD),Australia,Western Australia
Software Engineer,Perth,Family Zone,101980,80000,130000,201 to 500 Employees,Company - Public,Information Technology,2014.0,Internet & Web Services,$25 to $50 million (USD),Australia,Western Australia
Data Analyst,Perth,Peoplebank,88702,68000,116000,51 to 200 Employees,Company - Private,Human Resources & Staffing,1990.0,HR Consulting,$500 million to $1 billion (USD),Australia,Western Australia
Data Analyst,Perth,Pyramid Global Technologies,84732,75000,96000,201 to 500 Employees,Company - Private,,,,Unknown / Non-Applicable,Australia,Western Australia
Electronics Engineer,Western Australia,Australian Antarctic Division,92076,92000,92000,501 to 1000 Employees,Government,Government & Public Administration,1948.0,National Services & Agencies,Unknown / Non-Applicable,Australia,Western Australia
Electronics Engineer,Western Australia,Australian Antarctic Division,92076,92000,92000,501 to 1000 Employees,Government,Government & Public Administration,1948.0,National Services & Agencies,Unknown / Non-Applicable,Australia,Western Australia
Electronics Engineer,Western Australia,Australian Antarctic Division,92076,92000,92000,501 to 1000 Employees,Government,Government & Public Administration,1948.0,National Services & Agencies,Unknown / Non-Applicable,Australia,Western Australia
